{
  "mae": 0.1929902583360672,
  "rmse": 0.26651060581207275
}