{
  "mae": 327.08544921875,
  "rmse": 376.9578857421875
}