{
  "mae": 32.866329193115234,
  "rmse": 45.68632888793945
}