{
  "mae": 0.459782212972641,
  "rmse": 0.5646514296531677
}