{
  "mae": 0.35190272331237793,
  "rmse": 0.39994555711746216
}