{
  "mae": 0.42578890919685364,
  "rmse": 0.4612046480178833
}