{
  "mae": 45.47291946411133,
  "rmse": 66.81118774414062
}