{
  "mae": 0.40574535727500916,
  "rmse": 0.44920164346694946
}