{
  "mae": 0.35918793082237244,
  "rmse": 0.4556361436843872
}