{
  "mae": 0.09136004000902176,
  "rmse": 0.22926422953605652
}